ID,Name,Role,Title,Comment,Reply ID,Status,Date
1,1,USER,Title,haha,1,OPEN,12/4/2022
2,1,USER,Title2,9,-,OPEN,22/5/2023
3,2,USER,Title3,12,-,OPEN,29/5/2023
4,2,USER,Title4,12,-,OPEN,29/5/2023
5,2,USER,Title5,12,-,OPEN,29/5/2023
6,3,USER,Title6,212,-,OPEN,29/5/2023
7,3,USER,Title7,2,-,OPEN,29/5/2023
8,4,USER,Title8,25,-,OPEN,29/5/2023
9,4,USER,Title9,2,5,WAITING FOR CUSTOMER,29/5/2023
10,4,USER,Test,21,5,WAITING FOR CUSTOMER,29/5/2023
5,4,ADMIN,Title9,alao,-,OPEN,29/5/2023
5,4,ADMIN,Test,eet,-,OPEN,29/5/2023
